ID,age,gender
sub-NDARTV296UNC,7.719598,0
sub-0050778,9.73,1
sub-NDARET067PK6,5.361966,0
sub-NDARNV094DMP,5.983686,0
sub-NDARVC964LX0,7.585671,0
sub-0050820,8.87,1
sub-29352,9.405479452,0
sub-NDARAH793FBF,9.342687,0
sub-3162671,8.5,0
sub-0025006,8.91,0
sub-29340,8.331506849,0
sub-NDARAC350XUM,8.211955,0
sub-NDARFU407YL4,6.541866,0
sub-29896,7.047228,1
sub-0050560,9.25,0
sub-0051185,8.2464,0
sub-NDARUD871XPD,9.986196,0
sub-NDARHV260FPW,7.595824,0
sub-NDARNB442LR7,7.891512,0
sub-0051070,7.29,0
sub-0010003,9.29,1
sub-NDARAR372FHB,8.196098,1
sub-29320,9.471232877,0
sub-0015003,9.18,0
sub-NDARMA584EM0,8.666438,1
sub-NDARFM870UHU,8.283253,1
sub-NDARMR744CZ7,7.755076,0
sub-A00066580,9.0,1
sub-3672854,8.42,1
sub-NDARGU067HT7,8.018138,1
sub-NDARJX025DG3,9.422655,0
sub-NDARMZ366UY8,6.443303,1
sub-NDARMX842MTR,6.29044,0
sub-3845761,8.19,0
sub-NDARBU098PJT,9.460415,0
sub-NDARGN205MUG,6.514715,1
sub-29596,9.933,1
sub-NDARZK746XJ3,6.801848,0
sub-NDARGL085RTW,8.546543,1
sub-NDARMK299CN4,8.274811,0
sub-NDARUB828HR8,7.544033,1
sub-NDARFG027BT5,8.053274,0
sub-NDARTP766CPJ,6.263061,0
sub-29318,8.983561644,1
sub-NDARLM194CEN,8.521332,1
sub-0051083,8.93,0
sub-NDARPJ832WL6,8.280857,1
sub-NDARGR199PM2,9.706707,1
sub-NDARCG258NEF,6.317362,0
sub-NDARGK059JW7,9.096851,1
sub-NDARDP495PY2,7.374172,1
sub-0025182,9.54,0
sub-NDARAL606CW5,9.925735,1
sub-NDARJK995KMG,9.112594,0
sub-NDARNA768ZAK,5.597878,1
sub-0050576,8.42,1
sub-NDARAT982JTU,8.174195,0
sub-NDARNK005BRN,9.0778,0
sub-29373,9.652054795,0
sub-NDARCM050BN2,6.377595,1
sub-A00031410,9.0,1
sub-NDARHD403ZHG,6.747661,0
sub-NDARED010UML,5.578142,0
sub-NDARUM624FW7,8.729865,0
sub-NDARTL496EKV,8.674423,0
sub-0025180,9.0,0
sub-NDARPF319WV2,6.452201,0
sub-NDARKG460MWV,7.174309,0
sub-NDARAZ069DBL,9.07723,0
sub-NDARAX346KH7,5.646475,1
sub-NDARZD816TLM,7.711384,0
sub-NDARGT409NJZ,7.040041,1
sub-NDARBK638HLZ,8.808692,0
sub-NDARBW971DCW,8.214693,1
sub-0025013,8.15,0
sub-NDARRC982ZE9,9.077686,0
sub-NDAREK255DEE,6.508898,1
sub-0026078,6.0,0
sub-0026063,9.0,0
sub-A00055832,6.0,1
sub-NDARMV198XGY,9.646817,1
sub-0026057,9.0,1
sub-NDARFW626NVV,9.11305,0
sub-NDARBP398JHL,8.831165,0
sub-NDARHU018AT3,9.187086,0
sub-A00065261,9.0,0
sub-29900,7.126626,0
sub-NDARAD615WLJ,6.304243,0
sub-0026059,9.0,1
sub-NDARGY464EYL,6.939425,0
sub-NDARBU183TDJ,8.261122,0
sub-0015025,7.75,1
sub-NDARTY815JXG,7.913415,1
sub-NDARGR125APK,9.093543,0
sub-NDARNC130ZLK,9.862879,0
sub-A00053873,6.0,0
sub-29313,8.619178082,0
sub-29892,8.851472,1
sub-NDARNA354MGW,5.892881,0
sub-NDARFB528UVB,8.464407,0
sub-A00056020,6.0,0
sub-NDARPR799VX4,7.67796,0
sub-29236,6.363,0
sub-A00040556,9.0,0
sub-29906,8.542094,0
sub-NDARML514ZFM,9.498631,1
sub-29749,7.764544832,0
sub-0050374,9.7,1
sub-NDARZZ993CEV,8.981177,1
sub-A00063327,9.0,1
sub-1934623,8.45,1
sub-NDARHT167JGL,5.621948,0
sub-NDARWK605KC3,9.95859,1
sub-NDARUD394JAW,6.667693,1
sub-0025068,9.81,0
sub-NDARRF525ME3,5.950376,0
sub-NDAREW531JV9,6.087383,0
sub-0051184,9.1068,1
sub-NDARDJ544BU5,7.010038,0
sub-0050809,8.43,0
sub-NDARBF911MLX,5.641569,1
sub-NDARFA780CUG,8.01483,0
sub-29457,9.632876712,1
sub-NDARXW693MLG,6.870978,0
sub-NDARAX075WL9,5.96167,0
sub-NDARHB233MT2,5.718229,1
sub-NDARNX477HZ4,9.022701,1
sub-NDARTZ403MC0,7.147387,0
sub-3434578,8.12,1
sub-29343,8.920547945,1
sub-0025066,9.23,0
sub-NDARAR545KXM,8.954483,0
sub-NDARDM119WB1,7.037987,0
sub-NDARBX830ZD4,6.966233,1
sub-A00043494,9.0,0
sub-NDARGB817AHC,9.271845,0
sub-NDARKR155ME9,7.817704,1
sub-29462,9.575342466,1
sub-NDARDK635CD2,6.982546,1
sub-0050206,8.67,1
sub-0050366,8.2,0
sub-NDARYD201BJ5,6.769107,0
sub-2427434,8.08,1
sub-28983,8.0,0
sub-A00065750,8.0,0
sub-NDARRE063LG2,9.312571,1
sub-NDARGD919DHK,9.43566,0
sub-NDARPY302MV9,9.80527,0
sub-NDARBG819PT9,6.016084,0
sub-NDARGB467PK5,6.86516,0
sub-NDARXG035ZVM,8.699292,0
sub-A00054578,9.0,0
sub-NDARBW262RV7,5.955852,1
sub-NDARMT872JZZ,7.453456,1
sub-NDARRA719CPH,8.699292,0
sub-NDARZA982YTP,7.21013,1
sub-NDARUA745NA8,9.328884,1
sub-NDARKT721PNV,5.750513,0
sub-NDARRT994KAA,7.744125,0
sub-NDARTB203DU7,6.544718,0
sub-0051278,9.21,0
sub-0010046,9.75,0
sub-NDAREK549XUQ,8.869609,1
sub-NDARYH501UH3,9.479466,0
sub-29387,8.594520548,0
sub-NDARAB756JDJ,6.785649,0
sub-0015020,8.41,1
sub-NDARXN325JBD,8.288615,1
sub-NDARDF374LGN,7.810061,0
sub-NDARPE752VYE,7.486995,1
sub-0025014,8.59,0
sub-0050358,9.8,0
sub-NDAREM565ADW,9.192676,0
sub-NDARDT550XYX,8.934747,0
sub-NDARPL194XDX,7.131074,0
sub-0025012,8.01,0
sub-0015008,8.64,1
sub-NDARFV289RKB,9.369952,0
sub-0025067,8.26,1
sub-NDARVP520BAW,6.263175,1
sub-NDARPP255LGE,9.28542,0
sub-NDARMV822KWR,7.483801,0
sub-29448,9.136986301,0
sub-NDARRD779RW5,6.202829,0
sub-NDARAG610XL4,6.86767,1
sub-NDARAB514MAJ,5.055213,0
sub-NDARLP183TNJ,7.013232,0
sub-0050566,9.66,0
sub-NDAREG350WZ4,7.702715,1
sub-NDARFV973BE1,8.986767,0
sub-29361,9.309589041,0
sub-NDARUY339ZLN,6.985398,0
sub-29390,8.178082192,0
sub-NDARBL214YLX,6.218913,0
sub-NDARGE994BMX,8.713552,0
sub-NDARHX252NVH,8.152178,1
sub-0025184,9.48,0
sub-NDARFJ423LW9,9.477298,0
sub-0010099,9.96,1
sub-NDAREA730YXX,8.535592,0
sub-NDARGM421YWQ,9.647159,0
sub-NDARKW383ZPF,9.745608,0
sub-NDARFU916UZY,8.546087,0
sub-A00056679,9.0,1
sub-NDARFE372VHL,7.697353,0
sub-0051193,9.5202,0
sub-NDARMV189NXG,8.979123,0
sub-A00066534,8.0,0
sub-A00058570,9.0,1
sub-NDARDD854GF8,7.974332,0
sub-NDARAM873GAC,7.921629,0
sub-0051186,8.3203,0
sub-29614,9.897,0
sub-A00057725,7.0,1
sub-0050817,9.97,0
sub-NDARDN090KP6,9.989276,0
sub-29232,7.604,0
sub-29483,9.632876712,0
sub-NDARKZ949UAL,8.603924,0
sub-NDARJA737FAJ,9.159822,0
sub-NDARBA004KBT,9.29603,0
sub-NDARUK537ZXC,9.1483,1
sub-NDARLE676JZN,5.819644,0
sub-NDARHV885JFU,8.893794,0
sub-NDARAV925BP3,6.881245,0
sub-NDARDX910VTC,5.498631,0
sub-29907,6.685832,0
sub-0050054,9.44,0
sub-NDARDF560NND,6.719826,0
sub-NDARFB400WNC,6.309263,0
sub-29897,9.034908,0
sub-A00060493,6.0,1
sub-NDARCH795JD4,9.082477,0
sub-NDARGY542TJ5,6.249372,0
sub-NDARMA273ZL6,9.142824,0
sub-NDARDY934WXW,9.337097,1
sub-NDARLY114PDC,8.751996,0
sub-NDARRP609JH2,9.939767,0
sub-NDARGF445UFB,9.074948,0
sub-NDARFR445XKP,9.129135,1
sub-29354,9.295890411,0
sub-NDARUH016MWG,6.337668,1
sub-NDARAB674LNB,7.001825,0
sub-NDARTG706ZV8,7.966005,1
sub-NDARFJ651RMJ,5.625142,1
sub-NDARHW933UVJ,9.507529,0
sub-NDARUE398GGV,9.364704,0
sub-0051180,7.7502,1
sub-2554127,9.02,0
sub-NDARHD100UMG,8.979123,0
sub-NDARNT151UN1,6.509012,1
sub-0026082,6.0,1
sub-NDARAP120HTA,6.476614,1
sub-NDARDU314YVY,6.506844,0
sub-NDARXL801JVG,8.288501,1
sub-NDARJF479TBL,9.394592,0
sub-29913,8.15332,0
sub-NDARTH173DWQ,9.775154,0
sub-A00062349,6.0,0
sub-NDARGY639ANB,7.976386,0
sub-0051040,8.52,1
sub-NDARTU407HDD,8.491216,1
sub-29899,7.550992,1
sub-NDARUV041YCY,6.693018,0
sub-NDARPK337CLE,7.075747,0
sub-0051038,8.26,1
sub-NDARRR570MC0,8.225872,0
sub-NDARRG973HJQ,8.001254,0
sub-29441,9.282191781,1
sub-2498847,9.75,0
sub-NDARUZ200NRJ,9.775268,0
sub-NDARKK153GT7,5.469085,0
sub-NDARBL216FX5,7.424024,0
sub-NDARDE355JYM,8.072553,0
sub-NDARJU686TVP,7.013232,1
sub-0010036,9.45,1
sub-29443,9.61369863,0
sub-NDARMM431GVE,9.55624,0
sub-NDARKZ858GBD,5.696326,0
sub-NDARFA358RJJ,9.090691,1
sub-NDARNX843CD9,5.562172,0
sub-NDARAN934AZL,6.755304,0
sub-0051188,8.9747,1
sub-28803,8.506849315,1
sub-NDARUM721FCJ,9.717659,1
sub-NDARVH565FX9,9.753365,1
sub-29247,9.54,0
sub-A00055907,7.0,1
sub-3206978,8.25,1
sub-NDARGM426CJT,8.176819,1
sub-NDARGB528CP8,6.999201,0
sub-0025175,8.16,1
sub-NDARPC418NZL,5.51289,0
sub-0051190,8.9363,0
sub-NDARPX661BF1,6.511635,0
sub-NDARYY670UC8,6.971708,1
sub-NDARHR468PPJ,7.023613,1
sub-NDARHE199NGL,6.936687,1
sub-NDARWH939LPQ,9.071868,0
sub-NDARXZ850KHQ,5.821811,0
sub-29439,8.783561644,1
sub-NDARMT575KF6,6.593885,0
sub-3494778,9.17,0
sub-A00059326,8.0,0
sub-NDARNP836NUY,6.903262,0
sub-NDARMT939UCK,9.970225,1
sub-NDARZM949ANW,8.225758,0
sub-NDARBH019KPD,8.521788,0
sub-NDARVV316WML,7.787474,1
sub-3812101,7.83,1
sub-NDARTV107XD4,6.996235,1
sub-0050357,9.5,1
sub-0025019,8.56,1
sub-NDARBJ478HW5,7.250969,0
sub-NDARMU320XRT,7.626511,0
sub-NDARPV502DZ2,8.266826,1
sub-NDARDR254KXZ,7.234428,1
sub-NDARYU719EPL,7.382272,0
sub-NDARVB587ECK,8.611909,0
sub-NDARPX098XYT,8.55681,0
sub-NDARFK947HD9,9.046885,0
sub-NDARJL016LRL,7.19644,1
sub-NDARJX458DVE,5.643851,0
sub-0050164,8.86,0
sub-NDARJT921KTH,9.299224,0
sub-29297,9.665753425,1
sub-28836,8.375342466,1
sub-NDARGY381RCN,7.89733,0
sub-NDARMX215YPN,7.596509,0
sub-NDARLC770YL9,9.162559,1
sub-A00041503,8.0,0
sub-NDARKC791WL9,9.441706,0
sub-NDARMZ936WYB,7.732831,1
sub-0050165,9.69,0
sub-NDARHR558BNN,9.301619,0
sub-0010043,8.16,1
sub-NDARCJ014BCH,7.421172,1
sub-A00055765,9.0,0
sub-NDAREW326RXX,8.540383,0
sub-29424,8.854794521,0
sub-NDARBM370JCB,9.107232,1
sub-NDARMK046ZRK,9.942162,1
sub-1875711,9.75,1
sub-NDARRX084UML,7.492584,0
sub-2344857,8.92,1
sub-A00031411,9.0,1
sub-NDARNE729PN2,6.966803,0
sub-NDARBM037ZM7,9.520533,1
sub-NDARFM211KDJ,7.105863,0
sub-A00056307,8.0,1
sub-NDARKU649DB7,9.567191,0
sub-NDARUC308ZLR,5.986082,0
sub-0026075,7.0,1
sub-A00056022,9.0,0
sub-NDARNC287MK5,6.788501,1
sub-NDARVC711ZK0,7.426762,1
sub-29351,9.734246575,1
sub-0050777,8.39,0
sub-NDARTC177RN5,6.419233,0
sub-NDARRY768ZH3,6.545174,0
sub-2155356,9.33,1
sub-NDARAP049KXJ,9.175564,1
sub-0050814,8.46,0
sub-NDARHD017XEU,8.806525,0
sub-NDARKL156NJG,9.268765,0
sub-NDARTH459BLU,6.832534,0
sub-NDARMN802MG9,8.838923,1
sub-NDARCK944VXB,8.828085,0
sub-NDARNZ433DDH,9.082477,1
sub-NDARCD182XT1,9.268993,0
sub-NDARNG968RB9,8.773785,0
sub-0051069,8.15,0
sub-NDARCM953HKD,9.387063,1
sub-NDARRK694GD5,8.729865,1
sub-NDARFN854EJB,5.496463,1
sub-NDARWB511AZL,7.204312,0
sub-NDARLM313FVX,8.797969,0
sub-NDARRK096TF0,7.598562,0
sub-NDARPG873DJP,9.348733,0
sub-NDARMZ096TBD,7.900182,1
sub-NDARML626PGU,5.523956,1
sub-NDARXN821BKB,6.013803,1
sub-NDARUF588WT6,7.053844,0
sub-1686265,8.02,0
sub-0025074,8.49,1
sub-NDARVB902GA5,8.63963,0
sub-29418,8.821917808,0
sub-NDARNP921JTV,9.961784,0
sub-NDARCB305AFY,9.430527,1
sub-NDARLK551KXD,7.916381,1
sub-NDARHW808VDT,9.038672,0
sub-NDAREN417DJE,8.532397,1
sub-NDARMP468WRG,8.921514,1
sub-NDARHT524ET0,6.501254,0
sub-0051039,8.5,1
sub-NDARBN264UNZ,6.122861,1
sub-9890726,9.25,1
sub-A00055866,9.0,1
sub-NDARJJ173BRX,8.611567,0
sub-7129258,9.73,0
sub-NDARJV697PMQ,7.782112,1
sub-29364,8.82739726,1
sub-0026076,6.0,0
sub-NDARKW010CT2,9.98939,1
sub-NDARZX442LFQ,9.619096,0
sub-A00056420,9.0,0
sub-8083695,8.62,0
sub-3972472,9.12,1
sub-NDARLT946JYZ,7.511521,0
sub-NDARAP267CAG,6.843486,1
sub-0050554,8.67,0
sub-0051183,8.2656,0
sub-NDARDR898FMV,7.108715,0
sub-NDARFD628UVZ,8.439767,0
sub-29419,9.808219178,0
sub-0025179,8.91,0
sub-NDARBF575JUL,5.679329,0
sub-NDARHH127PCL,5.567191,1
sub-0051085,9.81,0
sub-NDARUE605HGP,7.905886,0
sub-0025185,9.19,0
sub-A00040440,8.0,1
sub-NDARJG581CCK,8.901893,0
sub-NDAREX726VYV,8.03947,0
sub-NDARUK025ZFT,9.487793,0
sub-3243657,8.56,1
sub-29310,8.024657534,0
sub-NDARWF545PCM,7.451289,0
sub-NDARLH263KCL,5.386493,0
sub-NDARCN500KJG,9.157084,0
sub-NDARBV198EKU,8.288501,1
sub-2538839,8.92,1
sub-NDARGK786DWR,8.949007,0
sub-NDARUY024RVP,6.45414,0
sub-NDARGM196JMM,9.101756,1
sub-NDARMH180XE5,8.863563,0
sub-NDARAB977GFB,8.455624,1
sub-0026083,7.0,0
sub-NDARHY950URX,6.126169,0
sub-0025097,7.29,0
sub-NDARMF846EVR,5.884668,0
sub-NDARDY671RL8,7.795801,1
sub-NDARZB904CDB,7.634725,0
sub-NDAREG930XPP,7.995779,0
sub-NDARHD841JAE,9.506844,0
sub-29473,8.898630137,0
sub-NDARPU049CJ7,7.844969,0
sub-8263351,8.34,0
sub-NDARLE282UHJ,9.18663,1
sub-NDAREA788ZAM,8.437029,0
sub-9499804,8.17,0
sub-NDARHN386FXX,8.639516,1
sub-0025176,8.52,1
sub-0025098,7.68,1
sub-NDARLK307PN3,7.053844,0
sub-A00058060,8.0,1
sub-NDARJU787GF5,6.936687,1
sub-NDARAV519RND,9.337326,0
sub-NDARPE623MBW,7.237166,0
sub-NDARFD620BUW,7.456536,0
sub-NDARXJ138BW6,8.086014,0
sub-NDARBW268XPY,8.351471,0
sub-NDARPR537HF5,6.041409,0
sub-29750,8.583333333,0
sub-NDARGZ482DV5,7.210472,1
sub-A00066573,7.0,0
sub-NDARTH930FNK,5.584302,0
sub-NDARAY006MJB,9.287816,0
sub-NDARFP100DJL,7.135979,1
sub-NDARET671FTC,8.507643,1
sub-NDARTB003FDD,5.452772,0
sub-0015010,7.63,1
sub-29306,9.621917808,1
sub-NDARMT461DNB,8.718457,1
sub-NDARMZ981YUK,8.565023,0
sub-NDARBD328NUQ,8.986767,1
sub-A00055903,8.0,1
sub-0050161,9.15,0
sub-NDARRF059RMB,8.721195,0
sub-NDARZR293TKN,7.785306,0
sub-NDARLY125HMB,5.496577,1
sub-1000804,7.29,0
sub-A00058951,8.0,1
sub-1735881,9.39,1
sub-29371,9.936986301,1
sub-NDARUP735CM8,6.703855,0
sub-NDARCP452ZVH,7.404175,0
sub-3518345,7.67,1
sub-NDARUF152ARR,7.470568,0
sub-NDARKX640YF6,9.877367,1
sub-0026036,9.0,0
sub-NDARUZ368BT4,8.037303,1
sub-1421489,8.75,0
sub-NDARPY792XRK,8.491101,1
sub-NDARBP770MUM,6.268651,0
sub-NDARPU981GWF,6.643623,1
sub-NDARTD290AY0,6.788843,1
sub-NDARHC562JGU,9.717773,1
sub-NDARGW180RV4,8.543007,1
sub-0050779,9.41,0
sub-NDARWK212ZPX,8.839379,0
sub-NDARRZ145TFN,5.422085,0
sub-28956,9.0,0
sub-NDARUY549PGQ,6.91159,1
sub-NDARRA908XA2,9.364932,0
sub-A00062085,8.0,0
sub-NDARFG943GVZ,9.627538,1
sub-NDARNC261HDT,9.687656,1
sub-NDARTT867NWT,9.509696,1
sub-NDARFV722FED,8.560232,0
sub-29309,9.057534247,1
sub-28829,8.821917808,1
sub-NDARWH029PET,7.54449,1
sub-A00055920,9.0,1
sub-NDARHR621FJB,6.200091,0
sub-NDARPU118RAN,9.077686,1
sub-NDARTF776EYR,6.539698,1
sub-NDARGA530NHK,7.878507,0
sub-29755,8.333333333,0
sub-NDARJG359XAQ,9.712183,0
sub-NDARVV976GFL,7.243212,1
sub-0051187,8.3313,0
sub-28827,8.997260274,1
sub-0015011,7.26,0
sub-NDAREX336AC1,6.103924,1
sub-8834383,8.8,0
sub-NDARJE678MWN,8.62537,0
sub-A00066860,7.0,1
sub-NDARCB062WP0,8.461441,0
sub-NDAREN242VPZ,9.126853,0
sub-2572285,8.33,0
sub-NDARBT749WCN,5.682637,0
sub-NDARCA050RZL,7.45414,0
sub-NDAREH852JE0,9.969655,0
sub-NDARVB151GXF,7.317134,0
sub-NDARHV743KA4,6.054642,1
sub-NDARMZ518UH1,6.333903,0
sub-29386,8.068493151,0
sub-NDARJU307YHB,8.321469,1
sub-NDARFG953RRK,8.491216,1
sub-0010128,9.53,0
sub-NDARAY761BFH,8.537873,0
sub-NDARTU280GKF,7.925051,0
sub-0015002,7.17,1
sub-NDARTW501ZKN,6.411019,1
sub-29912,8.1013,0
sub-NDARPL598MVU,6.686858,1
sub-A00037125,7.0,1
sub-NDARCL586HXH,7.056582,0
sub-2138826,8.46,1
sub-NDARVD495YP9,7.730321,0
sub-30158,8.0,1
sub-NDARZL222KVA,8.52407,0
sub-29305,9.578082192,0
sub-NDARHC426PAW,6.129021,1
sub-29910,7.326489,0
sub-NDARVA284CL4,8.444558,0
sub-NDARFW253GZM,7.949121,1
sub-A00052165,8.0,1
sub-NDARPJ763DV1,9.432922,0
sub-NDARAY021PPD,9.428017,0
sub-NDARGH425GB9,6.016769,1
sub-29751,8.416666667,0
sub-NDARDV245WJG,7.872461,0
sub-NDARKZ085UKQ,8.6013,0
sub-NDARTH990UEC,7.67796,0
sub-NDARPF362VH8,8.185033,0
sub-NDARRD460FZE,8.105065,1
sub-A00040117,6.0,0
sub-0051189,9.2081,0
sub-NDARNF362NU0,9.978211,0
sub-A00062361,9.0,0
sub-0051064,7.26,0
sub-NDARBD347AG0,8.792265,1
sub-A00065792,7.0,1
sub-NDARVC558CAA,5.718001,1
sub-28812,8.854794521,0
sub-NDARBZ444ZHK,9.928929,0
sub-NDAREE075BGN,7.023728,1
sub-NDARLF931KJC,6.712069,1
sub-NDARRK431RX8,7.19336,1
sub-NDAREN352YZQ,9.748345,1
sub-28971,9.0,1
sub-NDARGZ301KFG,9.430298,0
sub-A00055262,9.0,0
sub-NDAREU591YYA,9.934633,0
sub-6592761,7.58,0
sub-NDARDB355VG8,7.960073,0
sub-NDARHX963YU1,9.610997,0
sub-0015049,9.98,0
sub-NDAREV294WZ4,6.619096,1
sub-2991307,8.3,0
sub-NDARPC301UWR,6.818275,1
sub-1535233,9.64,0
sub-NDARLY771XJ0,9.408281,0
sub-NDARAE540FCG,7.486881,0
sub-NDARJW326UED,8.318845,0
sub-NDARXC266NHY,9.068788,0
sub-NDARAV474ADJ,6.564339,0
sub-0025117,9.35,0
sub-NDARCU891YET,5.70454,0
sub-29911,8.19165,0
sub-NDARCP698AT5,9.863221,1
sub-29324,9.021917808,0
sub-0050163,9.4,0
sub-NDARUZ056AC3,9.657426,0
sub-NDARDP815CNW,5.887976,0
sub-A00065820,9.0,0
sub-NDARNE098NPR,8.674423,1
sub-NDARBF183RFB,7.278348,1
sub-1502229,8.58,1
sub-NDARPT644BF7,9.564453,0
sub-NDARCJ246FJB,6.399498,0
sub-NDARJT172UE0,7.798539,0
sub-NDAREG104JB1,6.897786,1
sub-A00073545,7.0,1
sub-NDARMU161LHN,7.31394,0
sub-NDARVC350WVG,5.784052,0
sub-NDARAF628ND6,5.359114,0
sub-NDARHB261JMG,7.136436,1
sub-NDARAC853CR6,9.189938,0
sub-NDARNR630AK6,9.548596,0
sub-0051082,8.88,0
sub-0050564,7.66,0
sub-NDARTD925CTP,9.337326,0
sub-NDARYV571RJJ,9.814054,0
sub-NDARJB548ML8,6.717202,0
sub-NDARAD269FZD,6.087268,0
sub-NDARUX818MGE,8.680584,1
sub-NDARCX462NVA,9.036162,0
sub-NDARDV204BYM,6.629477,0
sub-28804,8.063013699,0
sub-NDARUA821NUN,5.559548,1
sub-NDARKC420XZF,9.151494,0
sub-NDARKM476GFK,6.082135,0
sub-9578663,8.26,1
sub-NDARTK524HRR,8.206365,0
sub-NDARRA428WB9,6.994067,0
sub-NDARRZ356HET,9.515742,0
sub-NDARNM364WVH,6.259753,0
sub-29339,8.906849315,1
sub-0026084,7.0,1
sub-NDARNP626EM0,6.492584,0
sub-NDARHF081GX4,6.489847,0
sub-NDARHG188YE9,6.468514,0
sub-1043241,9.12,0
sub-29367,8.942465753,0
sub-A00059734,6.0,1
sub-0050553,9.75,0
sub-0050166,8.2,0
sub-NDARJJ512AYJ,7.382956,0
sub-NDARKJ238NTJ,6.996805,0
sub-29300,9.734246575,1
sub-NDARMD987YR6,6.857061,1
sub-NDARCM082AZD,6.380903,0
sub-29237,9.529,0
sub-NDARNE906EJA,7.147501,1
sub-0026060,9.0,0
sub-28846,8.74,1
sub-NDARUM518PU1,6.246406,0
sub-NDARZZ046HJA,9.372689,0
sub-NDARPA699GD3,5.742984,1
sub-NDARBC773HN6,6.711498,0
sub-NDARCB492BAD,9.808008,0
sub-0015001,9.94,0
sub-NDARCG947ZC0,6.750513,0
sub-NDARNW188JTF,9.51848,0
sub-28841,8.723287671,1
sub-NDARUU615WPR,8.047684,0
sub-0026080,7.0,0
sub-NDARAG644KE3,6.068218,0
sub-29397,9.435616438,0
sub-NDARBM764KG0,5.370522,0
sub-0026067,9.0,0
sub-NDARRV955LPW,9.200205,1
sub-A00062997,8.0,0
sub-NDARLA869AUX,8.195984,0
sub-NDARFN636ZYB,6.326146,0
sub-NDARJL656RDA,7.382386,0
sub-NDARTU841ZAE,9.400638,0
sub-NDARFB757VY3,5.851813,0
sub-NDARJL861WTP,6.960757,0
sub-NDARML115LD7,9.077116,1
sub-NDARAT680GJA,9.863449,0
sub-0050786,8.75,0
sub-NDARJK487UCN,9.942276,0
sub-NDARWY566RM,9.896075,0
sub-NDARFY525TL2,9.652635,0
sub-NDARAR998KMM,9.323636,0
sub-NDARCY049DAF,7.74093,0
sub-0025108,9.96,1
sub-29334,8.115068493,1
sub-NDARAE839XXL,5.274697,0
sub-NDARGY200NTW,6.180355,0
sub-NDARTK897DPP,9.791923,1
sub-NDARCL253KU1,7.730093,0
sub-NDARCK815WZR,5.800479,0
sub-NDARUR724ZHG,5.79717,1
sub-29322,9.391780822,1
sub-NDAREK686WN1,8.091946,0
sub-NDARZX827NWT,6.315195,0
sub-1567356,8.91,1
sub-NDARDN393BJH,7.90851,1
sub-0025096,8.03,1
sub-NDARBE719PMB,8.803331,0
sub-NDARMT126PB3,6.257015,0
sub-NDARCU736GZ1,8.237166,1
sub-NDAREF517UWZ,9.337097,0
sub-NDARDA516MNY,8.6637,1
sub-NDARUG126FUY,9.394706,0
sub-0025021,7.91,1
sub-NDARRK429WD3,5.682181,0
sub-2054998,7.33,1
sub-NDARNN321YCR,7.491672,0
sub-29904,8.375086,0
sub-NDARHY099CUL,5.636208,0
sub-1884448,8.91,0
sub-NDARFW670TY2,8.792835,0
sub-NDARCT277WK9,7.864134,0
sub-NDARUL290YKN,7.966119,1
sub-0025024,9.75,0
sub-3869075,8.67,0
sub-0026073,9.0,1
sub-NDARFW002KMK,8.023499,0
sub-A00055728,9.0,1
sub-A00051691,6.0,0
sub-NDARLY512XUY,8.997604,1
sub-NDARPY458LTR,9.756673,1
sub-NDARFP909LY1,6.982888,0
sub-NDARER115FTJ,5.466461,0
sub-29485,8.846575342,1
sub-NDARGW450YUX,7.185831,1
sub-NDARTM501BT2,8.691193,0
sub-NDARFP601KKC,8.447866,0
sub-NDARHC825ZFZ,8.858658,0
sub-29307,9.120547945,1
sub-NDARAP739AUP,5.956422,0
sub-29311,9.750684932,0
sub-A00040815,9.0,0
sub-NDARBF293YRB,7.85649,0
sub-NDARHD931FNA,7.117385,1
sub-28977,9.0,1
sub-NDARLK963HXP,8.496691,0
sub-NDARNK679NNV,6.731234,0
sub-NDARKK969JLV,9.762035,0
sub-NDARCG808HDJ,9.477412,1
sub-NDARRG269ML2,7.870294,0
sub-3999344,9.27,1
sub-NDARNV375KEK,8.291923,0
sub-29445,9.684931507,1
sub-NDARVB012UWL,5.580994,1
sub-NDARKW565ZT9,8.554186,0
sub-NDARJG086ZMJ,8.630732,0
sub-28984,9.0,0
sub-29905,8.276523,0
sub-NDARKP458TM1,9.753707,1
sub-NDARAG191AE8,9.285649,0
sub-4084645,7.63,1
sub-A00065185,6.0,0
sub-NDARKM876ZHK,9.74287,1
sub-NDARPL440BX5,9.627652,0
sub-28845,8.39,0
sub-NDARRW481GFE,5.701232,0
sub-0026081,6.0,0
sub-NDARHW873BP4,8.909993,0
sub-NDARLG424ZL1,8.44798,1
sub-NDARPV595RWB,6.969541,0
sub-NDAREK731AXL,5.643851,0
sub-NDARGR499GKJ,9.668377,1
sub-NDARUD637TU2,9.992128,0
sub-0051081,8.82,0
sub-1846346,8.91,1
sub-NDARLJ280UCN,7.371435,1
sub-NDARWA570DNL,6.35284,0
sub-NDAREF150LNT,5.739561,1
sub-NDARHV831DRH,9.974903,0
sub-NDARBY976XYY,9.526009,1
sub-NDARLZ648MVJ,9.967488,1
sub-NDARVU390GVK,8.959388,1
sub-NDARCT420MW1,8.444558,1
sub-2136051,9.23,0
sub-NDARFC405UUZ,9.205681,0
sub-NDARWL656URE,8.105635,0
sub-NDARJV225EYT,8.579397,0
sub-29902,8.380561,0
sub-NDARKX528PH3,8.445242,0
sub-NDARGY058YX2,7.130846,1
sub-NDARRC348AFG,6.437827,0
sub-NDARUR126CFH,9.718343,1
sub-NDARKZ198TAA,7.31394,0
sub-NDARKC220LZG,8.535021,0
sub-0051280,9.5,0
sub-NDARNT898ZPF,5.810746,1
sub-NDAREC238AY4,8.864134,1
sub-0026066,9.0,0
sub-NDARNV124WR8,7.773899,0
sub-NDARFZ990EFG,7.823636,0
sub-0051041,8.9,1
sub-NDARAG798WM7,9.315195,0
sub-NDARCC620ZFT,8.92699,0
sub-NDAREZ060XH6,6.424024,1
sub-NDARJW697MYZ,6.257015,1
sub-NDARAD703XA2,8.598562,1
sub-NDARNA335GX2,5.392539,1
sub-NDARMB458AWY,7.081336,1
sub-NDARCM639ZNA,8.165754,0
sub-NDARTR464DCR,8.217545,0
sub-0025010,7.55,1
sub-NDARNA432BV0,9.655258,0
sub-NDARGG442NML,7.149555,0
sub-NDARUP441BKK,8.152178,1
sub-0025026,9.54,1
sub-NDARNR442PFH,6.887291,1
sub-NDARFP813TL5,7.439767,1
sub-NDARMZ477MNH,8.382158,1
sub-NDARCG343UF4,8.954483,1
sub-NDAREW557WZM,8.762719,0
sub-NDARHR763RB4,8.956764,1
sub-NDARBX443ZLU,9.942733,0
sub-A00055693,8.0,1
sub-NDARNX672HNV,7.853182,0
sub-NDARGZ059UVR,5.663016,0
sub-NDARUX086TVT,9.665639,0
sub-0050790,8.83,1
sub-29460,9.156164384,0
sub-2104012,9.62,0
sub-3912996,9.79,1
sub-NDARLA048NYE,6.928473,0
sub-NDARBH512BHA,9.73477,0
sub-NDARCB620LXQ,7.911362,1
sub-NDARRY792KY1,8.384668,0
sub-NDARHW968ABB,8.315993,1
sub-0025142,6.47,0
sub-NDAREC542MH3,9.882044,0
sub-NDARNP962TJK,7.617841,1
sub-2930625,9.97,0
sub-NDARRR485VP8,6.219256,1
sub-NDARYR958FZ9,8.896303,0
sub-NDARTX932KLQ,8.072781,0
sub-29447,9.564383562,0
sub-29347,9.375342466,0
sub-NDARKU726AB4,8.658224,0
sub-NDARJZ167VEZ,9.430755,0
sub-NDARZA034RW7,7.746976,0
sub-NDARGD751MMW,8.483458,1
sub-NDARUX534HZQ,8.874515,0
sub-NDARUW215TG0,7.694729,0
sub-NDARFB969EMV,8.672484,0
sub-0025105,7.67,1
sub-28830,8.912328767,0
sub-0025008,8.04,1
sub-NDARRN880XA0,5.687542,1
sub-NDARNL887YUJ,7.371321,0
sub-A00055541,9.0,0
sub-0051078,6.47,0
sub-1700637,7.68,1
sub-NDARHD694XLC,7.464522,1
sub-NDARKD124UHN,9.063997,0
sub-0050168,9.69,0
sub-NDARCA618DGA,7.05989,0
sub-A00059875,8.0,1
sub-NDARPC352WZJ,7.935318,0
sub-NDARFE453LFL,7.037873,0
sub-NDARRU820CXW,8.138033,0
sub-NDARHW973PXT,8.417522,0
sub-0025017,7.63,1
sub-2621228,8.98,1
sub-29332,9.117808219,0
sub-NDARZN123CKG,8.408966,0
sub-NDARAC857HDB,6.975017,0
sub-A00053171,8.0,0
sub-NDARJJ412DN7,9.685375,0
sub-0050780,9.82,1
sub-NDARVR636CY5,8.178986,0
sub-A00058004,8.0,0
sub-NDARLB162XP2,6.456992,1
sub-29319,9.619178082,0
sub-NDARPC425VY2,7.201688,1
sub-NDARUV288LWA,6.435432,0
sub-NDARMC473UHD,8.882728,0
sub-NDARTC227AXA,6.651266,0
sub-28980,8.0,1
sub-A00056746,8.0,0
sub-NDARMM628VVA,6.64579,0
sub-NDARVD552PRC,8.905201,1
sub-NDARDW252TCB,8.729751,0
sub-0025152,9.0,0
sub-NDARBA381JGH,9.395277,0
sub-0010117,9.35,0
sub-NDARNH170TJU,8.981519,1
sub-NDARJP954CE7,6.295345,0
sub-NDARMB857WG7,7.527606,0
sub-29908,8.396988,0
sub-NDARTK056HL3,7.599133,0
sub-NDARAW216PM7,9.903832,0
sub-2409220,7.67,0
sub-NDARAR935TGZ,8.534907,0
sub-0051042,8.91,1
sub-NDARAU044FP6,8.203969,0
sub-A00057809,8.0,1
sub-NDARHP395DGY,5.706821,0
sub-NDARDH086ZKK,9.488364,1
sub-0010014,7.55,1
sub-NDARGP399TDM,9.887519,1
sub-NDARRC355BM6,7.738421,0
sub-NDARVD543CMZ,7.193588,0
sub-A00055727,8.0,1
sub-0051084,9.23,0
sub-NDARCP753UEW,8.135295,0
sub-28814,8.320547945,1
sub-NDARFJ330ZUE,5.991786,0
sub-NDARMT661WCR,8.42334,1
sub-A00057863,8.0,0
sub-NDARJV062AM0,9.567191,0
sub-1266183,9.67,1
sub-0051080,8.01,0
sub-NDARDD820LG7,8.582135,1
sub-28801,9.273972603,1
sub-28801,9.273972603,1
sub-A00053320,8.0,0
sub-A00056419,6.0,1
sub-NDARTE820LE7,8.738078,0
sub-0026041,9.0,0
sub-2360428,8.56,0
sub-0025059,7.26,0
sub-29470,9.208219178,0
sub-NDARGC407NV7,6.309034,0
sub-NDARGD229DCJ,6.230321,1
sub-NDARVE980WU5,8.748916,0
sub-0050812,9.97,1
sub-NDARDR304HHJ,8.762263,0
sub-30163,8.0,1
sub-NDARRJ938NT7,9.411476,1
sub-NDARHV915YXJ,7.261806,0
sub-NDARVB877VWL,9.816221,0
sub-NDARHJ318KZA,5.797855,0
sub-0050781,9.3,0
sub-NDARYZ161MYP,5.641113,1
sub-NDARHG594GKH,7.908624,0
sub-0026079,6.0,1
sub-2558999,8.87,0
sub-NDARRK617NRL,8.143851,0
sub-NDARPX838GCD,7.878393,0
sub-NDARLZ745EUN,6.7966,0
sub-NDARNF359TBZ,6.955852,1
sub-NDARUD894UP6,9.589208,1
sub-29621,8.17,1
sub-NDARNH147WGN,8.138147,1
sub-NDARAH129BMC,6.561601,0
sub-NDARWE850WRP,6.572438,0
sub-0050162,8.94,0
sub-NDARCM214WFE,7.127652,0
sub-1875013,9.83,0
sub-NDARPH152GU1,9.03331,0
sub-NDARRR813CY6,6.32877,1
sub-NDARPH176EWC,9.986652,0
sub-0051079,7.19,0
sub-1258069,9.92,1
sub-0026077,6.0,0
sub-NDARBE942GVN,6.802418,0
sub-0025088,8.45,1
sub-28969,9.0,0
sub-NDARTF079JGU,8.912731,0
sub-28946,9.0,1
sub-NDARGY959RN8,9.707392,0
sub-0015023,7.77,1
sub-NDARRT854TMV,7.256331,0
sub-0051360,7.0,0
sub-NDARDL389KT5,9.498631,1
sub-NDAREA860NEX,9.225074,1
sub-NDARMA598JTX,8.441934,0
sub-NDARCB504PGG,8.395847,0
sub-0050819,9.71,0
sub-0051036,8.04,1
sub-2601925,9.58,0
sub-NDARCW497XW2,7.757472,1
sub-NDARHE877ZD1,8.86402,0
sub-29407,9.232876712,1
sub-NDARTV776ZJ8,5.463723,0
sub-NDARCR715LEY,7.752566,0
sub-NDARRX800KW8,6.990987,0
sub-29295,9.243835616,1
sub-NDARAN524ZK6,6.019507,0
sub-NDARPM528TBR,7.690166,0
sub-NDARLF446MT5,9.006502,0
sub-NDARXE058PZF,6.905886,0
sub-0015028,9.23,0
sub-29903,9.229295,0
sub-NDARAN229MTX,6.68971,0
sub-NDARBK874PDY,6.125827,1
sub-NDARDT308PP4,9.611339,0
sub-NDARVC956HHP,9.551334,0
sub-NDARHU395FP0,7.407027,0
sub-29446,9.167123288,0
sub-NDARAK019ZR6,7.092174,0
sub-NDAREE543HYQ,6.449349,0
sub-0050816,9.73,0
sub-0050789,9.31,0
sub-NDARGV220AU1,8.12731,1
sub-NDAREF888EVV,6.306525,0
sub-NDARNH743HW0,8.318617,0
sub-0015021,7.52,1
sub-NDARMJ877UTP,9.15697,0
sub-NDARAD256AHU,7.536162,0
sub-1686092,9.67,1
sub-NDARMV981GZ7,6.826602,0
sub-NDARAM357BUA,8.215149,0
sub-NDARUW210XVA,9.170887,0
sub-0026061,9.0,0
sub-NDARKA958FAH,8.877823,0
sub-NDARAJ977PRJ,7.670431,1
sub-NDARBN695TM7,9.203285,1
sub-4154182,9.75,1
sub-28842,8.408219178,0
sub-NDARRM725BRV,6.643166,0
sub-0050784,8.07,1
sub-0051181,9.3149,0
sub-NDARNU770PM5,9.26386,1
sub-3103809,9.3,0
sub-0050376,9.2,0
sub-NDARFT787HJW,7.095482,0
sub-NDARLL386VRE,8.31086,1
sub-NDARUF236HM7,8.56297,0
sub-NDARHR191HKK,9.991558,1
sub-0051308,9.79,0
sub-NDARFW825JBT,8.332648,1
sub-NDARDE319VD1,9.463153,0
sub-A00059733,9.0,0
sub-A00058215,6.0,1
sub-NDARNB032ZLC,9.829911,1
sub-NDARHV358ZCU,6.884097,0
sub-NDARNV983DET,7.749828,0
sub-29312,9.789041096,1
sub-29746,9.0,1
sub-NDARJT615WM7,8.198836,0
sub-0010077,8.03,1
sub-1664335,9.0,1
sub-NDARPM172XGD,7.57723,0
sub-29420,9.742465753,1
sub-NDARLA998XAC,7.229637,1
sub-NDARLH043YDK,9.545288,0
sub-NDARTN365HEV,5.586926,0
sub-29428,8.64109589,0
sub-6187322,9.92,1
sub-4921428,9.58,0
sub-0010024,8.26,0
sub-NDARTC794GZ5,5.846452,0
sub-NDARGE643MYU,8.921058,0
sub-28746,9.545205479,0
sub-A00032008,6.0,1
sub-NDARTF825ADA,6.246178,0
sub-A00055946,7.0,1
sub-1875084,7.17,1
sub-NDARMX259HUH,8.239333,0
sub-NDARMX591FJ6,5.709445,0
sub-NDARPV423ECQ,7.171457,0
sub-0050776,9.3,0
sub-29466,9.430136986,1
sub-NDARUA113RTQ,9.578713,1
sub-NDARFR426KVH,7.525325,1
sub-NDARHB452LTW,7.204312,0
sub-2768273,9.24,1
sub-4562206,7.91,1
sub-A00056830,8.0,1
sub-NDARTK357VHL,6.400068,0
sub-0010111,7.74,0
sub-NDARUZ408MRL,9.851927,0
sub-NDARCH838TY6,9.734428,1
sub-NDARCM027TAV,9.422085,0
sub-29366,9.819178082,1
sub-NDARMG451PJA,7.407027,1
sub-NDARGD414HBX,8.729409,0
sub-NDARFZ477RC8,8.691535,1
sub-NDARKB290YNY,9.203057,0
sub-NDARAA504CRN,9.165297,1
sub-NDARLD501HDK,9.304357,1
sub-NDARTE580DV0,7.590919,0
sub-29469,8.060273973,0
sub-29914,8.062971,0
sub-0050363,9.8,0
sub-NDARNN493WMD,9.548026,0
sub-NDARUP067TM8,6.498631,0
sub-0025002,8.91,1
sub-1320247,8.59,0
sub-NDARGC099LDZ,5.654802,0
sub-NDARTE773XJ5,5.463723,0
sub-NDARMW127WL5,7.773785,0
sub-2822304,9.62,1
sub-NDARFC188VT4,5.17294,1
sub-A00056198,9.0,1
sub-29229,5.907,1
sub-0026031,8.0,0
sub-29916,7.129363,0
sub-NDARJX258XF0,8.806068,0
sub-A00055612,8.0,1
sub-NDARDN229AKK,9.101756,0
sub-NDARJK147LNJ,7.695071,0
sub-NDARBF402JLH,5.755989,0
sub-NDARNT461KNF,8.546429,0
sub-NDARFJ546HXE,9.531485,0
sub-2578455,9.5,1
sub-NDARFM749LF3,7.664955,0
sub-NDARAR991JAA,8.505361,0
sub-NDARAR537GD3,8.565594,1
sub-29228,9.231,0
sub-NDARMT151RNN,8.274811,0
sub-NDARKC766JE9,6.582819,1
sub-NDARLN610AKZ,9.496235,0
